{"cameraMode":{"drawMode":0,"name":"Shaded","section":"Shading Mode"},"sceneLighting":true,"audioPlay":false,"sceneViewState":{"m_AlwaysRefresh":false,"showFog":true,"showSkybox":true,"showFlares":true,"showImageEffects":true,"showParticleSystems":true,"showVisualEffectGraphs":true,"m_FxEnabled":true},"in2DMode":false,"pivot":{"x":11.785889625549317,"y":1.9988967180252076,"z":-50.94588088989258},"rotation":{"x":0.04109976068139076,"y":-0.9567784667015076,"z":0.1907147765159607,"w":0.2190283089876175},"size":0.8031320571899414,"orthographic":false}