{"cameraMode":{"drawMode":0,"name":"Shaded","section":"Shading Mode"},"sceneLighting":true,"audioPlay":false,"sceneViewState":{"m_AlwaysRefresh":false,"showFog":true,"showSkybox":true,"showFlares":true,"showImageEffects":true,"showParticleSystems":true,"showVisualEffectGraphs":true,"m_FxEnabled":true},"in2DMode":false,"pivot":{"x":-0.6150809526443481,"y":-7.367950916290283,"z":12.056160926818848},"rotation":{"x":0.17261432111263276,"y":-0.009840387850999833,"z":0.002017972292378545,"w":0.98552006483078},"size":12.12435531616211,"orthographic":false}