{"cameraMode":{"drawMode":0,"name":"Shaded","section":"Shading Mode"},"sceneLighting":true,"audioPlay":false,"sceneViewState":{"m_AlwaysRefresh":false,"showFog":true,"showSkybox":true,"showFlares":true,"showImageEffects":true,"showParticleSystems":true,"showVisualEffectGraphs":true,"m_FxEnabled":true},"in2DMode":false,"pivot":{"x":0.12704980373382569,"y":1.0148736238479615,"z":-8.875423431396485},"rotation":{"x":0.09003877639770508,"y":0.017330218106508256,"z":0.00248139351606369,"w":0.9970914721488953},"size":0.9432476758956909,"orthographic":false}