{"cameraMode":{"drawMode":0,"name":"Shaded","section":"Shading Mode"},"sceneLighting":true,"audioPlay":false,"sceneViewState":{"m_AlwaysRefresh":false,"showFog":true,"showSkybox":true,"showFlares":true,"showImageEffects":true,"showParticleSystems":true,"showVisualEffectGraphs":true,"m_FxEnabled":true},"in2DMode":false,"pivot":{"x":0.5275756120681763,"y":-6.43411111831665,"z":11.173589706420899},"rotation":{"x":0.16521674394607545,"y":0.013834602199494839,"z":-0.00197195983491838,"w":0.9867320656776428},"size":12.12435531616211,"orthographic":false}