{"cameraMode":{"drawMode":0,"name":"Shaded","section":"Shading Mode"},"sceneLighting":true,"audioPlay":false,"sceneViewState":{"m_AlwaysRefresh":false,"showFog":true,"showSkybox":true,"showFlares":true,"showImageEffects":true,"showParticleSystems":true,"showVisualEffectGraphs":true,"m_FxEnabled":true},"in2DMode":false,"pivot":{"x":-0.7391378879547119,"y":-4.940415859222412,"z":7.163335800170898},"rotation":{"x":0.16585370898246766,"y":-0.008258313871920109,"z":0.006415776442736387,"w":0.9872174859046936},"size":9.853694915771485,"orthographic":false}