{"cameraMode":{"drawMode":0,"name":"Shaded","section":"Shading Mode"},"sceneLighting":true,"audioPlay":false,"sceneViewState":{"m_AlwaysRefresh":false,"showFog":true,"showSkybox":true,"showFlares":true,"showImageEffects":true,"showParticleSystems":true,"showVisualEffectGraphs":true,"m_FxEnabled":true},"in2DMode":false,"pivot":{"x":-1.3571072816848755,"y":2.528787136077881,"z":-8.191518783569336},"rotation":{"x":-0.020221494138240815,"y":0.9769270420074463,"z":-0.13746269047260285,"w":-0.16904571652412415},"size":0.4757857620716095,"orthographic":false}