{"cameraMode":{"drawMode":0,"name":"Shaded","section":"Shading Mode"},"sceneLighting":true,"audioPlay":false,"sceneViewState":{"m_AlwaysRefresh":false,"showFog":true,"showSkybox":true,"showFlares":true,"showImageEffects":true,"showParticleSystems":true,"showVisualEffectGraphs":true,"m_FxEnabled":true},"in2DMode":false,"pivot":{"x":0.7102899551391602,"y":1.6254594326019288,"z":-9.305182456970215},"rotation":{"x":0.010033930651843548,"y":0.9812163710594177,"z":-0.19246433675289155,"w":0.037024352699518207},"size":0.6752018928527832,"orthographic":false}