{"cameraMode":{"drawMode":0,"name":"Shaded","section":"Shading Mode"},"sceneLighting":true,"audioPlay":false,"sceneViewState":{"m_AlwaysRefresh":false,"showFog":true,"showSkybox":true,"showFlares":true,"showImageEffects":true,"showParticleSystems":true,"showVisualEffectGraphs":true,"m_FxEnabled":true},"in2DMode":false,"pivot":{"x":-0.47858038544654848,"y":2.1439521312713625,"z":-9.237720489501954},"rotation":{"x":0.0028737816028296949,"y":0.9989811778068543,"z":-0.06635818630456925,"w":-0.010942941531538964},"size":0.7908737063407898,"orthographic":false}