{"cameraMode":{"drawMode":0,"name":"Shaded","section":"Shading Mode"},"sceneLighting":true,"audioPlay":false,"sceneViewState":{"m_AlwaysRefresh":false,"showFog":true,"showSkybox":true,"showFlares":true,"showImageEffects":true,"showParticleSystems":true,"showVisualEffectGraphs":true,"m_FxEnabled":true},"in2DMode":false,"pivot":{"x":0.43042731285095217,"y":1.467301607131958,"z":-8.746036529541016},"rotation":{"x":0.025401657447218896,"y":0.9715732336044312,"z":-0.2070191502571106,"w":0.11685696989297867},"size":0.14899854362010957,"orthographic":false}