{"cameraMode":{"drawMode":0,"name":"Shaded","section":"Shading Mode"},"sceneLighting":true,"audioPlay":false,"sceneViewState":{"showFog":true,"showMaterialUpdate":false,"showSkybox":true,"showFlares":true,"showImageEffects":true,"showParticleSystems":true},"in2DMode":false,"pivot":{"x":4.504207611083984,"y":2.810952663421631,"z":-9.226051330566407},"rotation":{"x":0.004738784860819578,"y":0.9848059415817261,"z":-0.17280487716197968,"w":0.025978580117225648},"size":1.1962220668792725,"orthographic":false}