{"cameraMode":{"drawMode":0,"name":"Shaded","section":"Shading Mode"},"sceneLighting":false,"audioPlay":false,"sceneViewState":{"m_AlwaysRefresh":false,"showFog":false,"showSkybox":false,"showFlares":false,"showImageEffects":false,"showParticleSystems":false,"showVisualEffectGraphs":true,"m_FxEnabled":true},"in2DMode":false,"pivot":{"x":0.15960589051246644,"y":1.2113900184631348,"z":-0.057462453842163089},"rotation":{"x":0.004422623198479414,"y":0.9947969317436218,"z":0.052597466856241229,"w":-0.08861547708511353},"size":0.729235053062439,"orthographic":false}